0.0579779,0.0254084,0.0254776,0.0205112,0.0197563,0.0157592,0.0172004,0.0134698,0.0179598,0.0209411
0.0724409,0.0300368,0.0361652,0.0350482,0.0378965,0.0346594,0.0426942,0.0385980,0.0487946,0.0513723
0.0543038,0.0210232,0.0318498,0.0366642,0.0439090,0.0469834,0.0652406,0.0655363,0.0786922,0.0784744
0.0218389,0.00839477,0.0170783,0.0225370,0.0296144,0.0389780,0.0620005,0.0685093,0.0778863,0.0757672
0.00331619,0.00302436,0.00570114,0.00676749,0.00961753,0.0179529,0.0342503,0.0423131,0.0450605,0.0441381
0.000726540,0.00291499,0.00225858,0.000633444,0.00110164,0.00333588,0.00875244,0.0128650,0.0125600,0.0133730
0.00130815,0.00227013,0.00170219,0.00101312,0.00250415,0.000855336,0.00146084,0.00137707,0.00164836,0.00222026
0.00149427,0.00107494,0.000937429,0.00154721,0.00406986,0.00230522,0.00350129,0.00214849,0.00295961,0.00266475
0.00239538,0.000666435,0.000482758,0.00120341,0.00335672,0.00260015,0.00412676,0.00324172,0.00353422,0.00342633
0.00217477,0.000529326,0.000466482,0.000761534,0.00211514,0.00227323,0.00317959,0.00302771,0.00259476,0.00306587
0.000942788,0.000718327,0.000530256,0.000488186,0.000940909,0.00152612,0.00222215,0.00255525,0.00178373,0.00227817
0.000728831,0.00160101,0.000614887,0.000816243,0.000500564,0.000555533,0.00106464,0.00129389,0.000900645,0.00102356
0.00108635,0.00251748,0.000689803,0.00148605,0.00118667,0.000193014,0.000632000,0.000519511,0.000527177,0.000349203
0.000829634,0.00269182,0.000731472,0.00160028,0.00196169,0.000420115,0.00145083,0.00132259,0.000824079,0.000523960
0.000538603,0.00211273,0.000657405,0.00105717,0.00183548,0.000863675,0.00255480,0.00233259,0.00117645,0.000783090
0.000834028,0.00134194,0.000445572,0.000507035,0.00111935,0.00130602,0.00325111,0.00225206,0.00128996,0.000909318
0.00109385,0.000899450,0.000282283,0.000306985,0.000704332,0.00145551,0.00347359,0.00152545,0.000957265,0.000910075
0.000824254,0.000867022,0.000224903,0.000320263,0.000787597,0.00136413,0.00320318,0.00126190,0.000470605,0.000715694
0.000486106,0.00109031,0.000180740,0.000379596,0.000843416,0.00122465,0.00256454,0.00180437,0.000573693,0.000527188
0.000442304,0.00140522,0.000203233,0.000439707,0.000639350,0.000965865,0.00181414,0.00232009,0.00106442,0.000475747
0.000416053,0.00169108,0.000370514,0.000469560,0.000451006,0.000667429,0.00114541,0.00194942,0.00107044,0.000412648
0.000306155,0.00191097,0.000583465,0.000569842,0.000567967,0.000580708,0.000680614,0.00103311,0.000556659,0.000256078
0.000433997,0.00202526,0.000683443,0.000954405,0.00111517,0.000788879,0.000525203,0.000560730,0.000245525,0.000134843
0.000888070,0.00204588,0.000717502,0.00159292,0.00190037,0.00123705,0.000724745,0.000832502,0.000520902,0.000189001
0.00134876,0.00214618,0.000938562,0.00221979,0.00248814,0.00174330,0.00117963,0.00132006,0.00112019,0.000384145
0.00149426,0.00244901,0.00135164,0.00274642,0.00279780,0.00212379,0.00179686,0.00164079,0.00164133,0.000581233
0.00127016,0.00275430,0.00157010,0.00325078,0.00327941,0.00248350,0.00272740,0.00210517,0.00206358,0.000759013
0.000886172,0.00259624,0.00138735,0.00357449,0.00416965,0.00306436,0.00409176,0.00318409,0.00269449,0.00102331
0.000596013,0.00180499,0.00106219,0.00335834,0.00477483,0.00378599,0.00531142,0.00461484,0.00345669,0.00134378
0.000425810,0.000906613,0.000879490,0.00253486,0.00409414,0.00414510,0.00526964,0.00525696,0.00356261,0.00149059
0.000272185,0.000456317,0.000813773,0.00149076,0.00230748,0.00370631,0.00369646,0.00427162,0.00253620,0.00132123
0.000175089,0.000359026,0.000703405,0.000696892,0.000742039,0.00263877,0.00174477,0.00232172,0.00111237,0.000919453
0.000205126,0.000296912,0.000531818,0.000329261,0.000167376,0.00153931,0.000575482,0.000848116,0.000334460,0.000500674
0.000313420,0.000204970,0.000416550,0.000230558,0.000200549,0.000810892,0.000247997,0.000470705,0.000324572,0.000301021
0.000462818,0.000146314,0.000378378,0.000189183,0.000338571,0.000444066,0.000325490,0.000831525,0.000528701,0.000343886
0.000589717,0.000140477,0.000341773,0.000232080,0.000481743,0.000269157,0.000495313,0.00130336,0.000543328,0.000391754
0.000573351,0.000138513,0.000410982,0.000485787,0.000621186,0.000213234,0.000531569,0.00132224,0.000355223,0.000316594
0.000475267,0.000207645,0.000779684,0.000841196,0.000740499,0.000343636,0.000512882,0.000826916,0.000198328,0.000248652
0.000452291,0.000584608,0.00122921,0.00109867,0.000810460,0.000717415,0.000855246,0.000494105,0.000298119,0.000317817
0.000466119,0.00119879,0.00127404,0.00121688,0.000735025,0.00118262,0.00155802,0.000891114,0.000616051,0.000496970
0.000423055,0.00152303,0.000971582,0.00112080,0.000561665,0.00145994,0.00194269,0.00168781,0.000892838,0.000658120
0.000358508,0.00126511,0.000858197,0.000767409,0.000496922,0.00148112,0.00163364,0.00219098,0.000927449,0.000711374
0.000316209,0.000754172,0.00104720,0.000443185,0.000545861,0.00138025,0.00109072,0.00214076,0.000726005,0.000672532
0.000282694,0.000414419,0.00115139,0.000366447,0.000515104,0.00118747,0.000785698,0.00164100,0.000457834,0.000573313
0.000250091,0.000326496,0.000964960,0.000348679,0.000365398,0.000901089,0.000656931,0.000917630,0.000313154,0.000435172
0.000222323,0.000426612,0.000665385,0.000249397,0.000232942,0.000672853,0.000545049,0.000341694,0.000303826,0.000305923
0.000195802,0.000605235,0.000480764,0.000152373,0.000201439,0.000661663,0.000479373,0.000179830,0.000266352,0.000218327
0.000176714,0.000608069,0.000409654,0.000105172,0.000230287,0.000899030,0.000534504,0.000382112,0.000183547,0.000207726
0.000185570,0.000377684,0.000331321,0.000124316,0.000228428,0.00118247,0.000665311,0.000779627,0.000270734,0.000291155
0.000222316,0.000230608,0.000302219,0.000183418,0.000183266,0.00110408,0.000657454,0.00108721,0.000550783,0.000356419
0.000272618,0.000297955,0.000438016,0.000194266,0.000222354,0.000622105,0.000419555,0.000952437,0.000705117,0.000296453
0.000372990,0.000376864,0.000658605,0.000175692,0.000424371,0.000236203,0.000199260,0.000509139,0.000574180,0.000192391
0.000565584,0.000486104,0.000945629,0.000203527,0.000639604,0.000192936,0.000172796,0.000307945,0.000404522,0.000150912
0.000702539,0.000780523,0.00142500,0.000289781,0.000722409,0.000306854,0.000190980,0.000474400,0.000416224,0.000149246
0.000539031,0.00100607,0.00177144,0.000379399,0.000772244,0.000629678,0.000233419,0.000739444,0.000506463,0.000159218
0.000233509,0.000895540,0.00135082,0.000338332,0.000838986,0.00117667,0.000558490,0.00108346,0.000557583,0.000257003
0.000267198,0.000847531,0.000518902,0.000237292,0.000700795,0.00130702,0.00103745,0.00144271,0.000676816,0.000521061
0.000642276,0.00133511,0.000584339,0.000455225,0.000382085,0.000670665,0.00100926,0.00133567,0.000823875,0.000792670
0.000942814,0.00200073,0.00182337,0.00104865,0.000463116,0.000265280,0.000468826,0.000704869,0.000674893,0.000747600
0.00113295,0.00211987,0.00297093,0.00155086,0.00121310,0.00119391,0.000588428,0.000467600,0.000363044,0.000481306
0.00131718,0.00152972,0.00306698,0.00161419,0.00189653,0.00282476,0.00202379,0.00136751,0.000561262,0.000576470
0.00120285,0.000673465,0.00232848,0.00127587,0.00174393,0.00349110,0.00365457,0.00285294,0.00127384,0.00121017
0.000688231,0.000194935,0.00132788,0.000785451,0.00105705,0.00266908,0.00404323,0.00373148,0.00171902,0.00185005
0.000243914,0.000436525,0.000526138,0.000505266,0.000585820,0.00132664,0.00310159,0.00342085,0.00165374,0.00203091
0.000214799,0.000998590,0.000223727,0.000582913,0.000472554,0.000469786,0.00169762,0.00223743,0.00143322,0.00171769
0.000418591,0.00117955,0.000376519,0.000741299,0.000426163,0.000273876,0.000626604,0.000993706,0.00108299,0.00107913
0.000530753,0.000856114,0.000715214,0.000711702,0.000329482,0.000374395,0.000205458,0.000387584,0.000585199,0.000474997
0.000443382,0.000430165,0.000948689,0.000578111,0.000260393,0.000407065,0.000250760,0.000404705,0.000330150,0.000242149
0.000298922,0.000204319,0.000822147,0.000502500,0.000256708,0.000302384,0.000381584,0.000512828,0.000449418,0.000288985
0.000341788,0.000261454,0.000394640,0.000464555,0.000276777,0.000199476,0.000389717,0.000467318,0.000544162,0.000318307
0.000719966,0.000633724,0.000184153,0.000414599,0.000315908,0.000211119,0.000291500,0.000397931,0.000380855,0.000255821
0.00135360,0.00128419,0.000718312,0.000465884,0.000463594,0.000440487,0.000251617,0.000331922,0.000177277,0.000183084
0.00191015,0.00200980,0.00196771,0.000805158,0.000816248,0.00100113,0.000474795,0.000260439,0.000212845,0.000166111
0.00199339,0.00242975,0.00325252,0.00137829,0.00137011,0.00174410,0.000989971,0.000365993,0.000583274,0.000267875
0.00152696,0.00220516,0.00372602,0.00172830,0.00195742,0.00218978,0.00157971,0.000751437,0.00124351,0.000558546
0.000880176,0.00143110,0.00311540,0.00143352,0.00225888,0.00200121,0.00196097,0.00118628,0.00201751,0.00102650
0.000462322,0.000646672,0.00197913,0.000717836,0.00202441,0.00138541,0.00195846,0.00128839,0.00256941,0.00143422
0.000322114,0.000263655,0.00108944,0.000201962,0.00135779,0.000827804,0.00157282,0.000926577,0.00257073,0.00144871
0.000286383,0.000200129,0.000729861,0.000127178,0.000679017,0.000547415,0.00100993,0.000423587,0.00202494,0.00105480
0.000256725,0.000203333,0.000763087,0.000272511,0.000364167,0.000414413,0.000559525,0.000172065,0.00131120,0.000583136
0.000213215,0.000188295,0.000956691,0.000377598,0.000460153,0.000297587,0.000342855,0.000151043,0.000793067,0.000297690
0.000159273,0.000189507,0.000990820,0.000314103,0.000715351,0.000228096,0.000281762,0.000148954,0.000515512,0.000209938
0.000132259,0.000293495,0.000669978,0.000161101,0.000822626,0.000233938,0.000295179,0.000175232,0.000366028,0.000220921
0.000135239,0.000530620,0.000255064,0.000163403,0.000657986,0.000244940,0.000337271,0.000297601,0.000306258,0.000265371
0.000133200,0.000721763,0.000116776,0.000372380,0.000363348,0.000206877,0.000330273,0.000419313,0.000311666,0.000342917
0.000147086,0.000694340,0.000218626,0.000538098,0.000191319,0.000143262,0.000246886,0.000443203,0.000309138,0.000469458
0.000214772,0.000539859,0.000311566,0.000493389,0.000212924,9.16414e-005,0.000159202,0.000387699,0.000290553,0.000637412
0.000294423,0.000407638,0.000315639,0.000370672,0.000257293,8.24807e-005,0.000124281,0.000290281,0.000299714,0.000771978
0.000330961,0.000307411,0.000273140,0.000365312,0.000206988,0.000143670,0.000120261,0.000175653,0.000295982,0.000731408
0.000356217,0.000223918,0.000211879,0.000488261,0.000151810,0.000259708,0.000114926,0.000104435,0.000219268,0.000498437
0.000404623,0.000175788,0.000163598,0.000627050,0.000150899,0.000397380,0.000124200,0.000134165,0.000126727,0.000260167
0.000408612,0.000174635,0.000171871,0.000714599,0.000148278,0.000556736,0.000155690,0.000229677,0.000104841,0.000158020
0.000311685,0.000208183,0.000237735,0.000734555,0.000198440,0.000695639,0.000154154,0.000299693,0.000141833,0.000169551
0.000180672,0.000219625,0.000283909,0.000668607,0.000392966,0.000704927,0.000103333,0.000311651,0.000176464,0.000239485
9.60144e-005,0.000181573,0.000237583,0.000543062,0.000585902,0.000559476,8.42145e-005,0.000285157,0.000180216,0.000315145
6.45755e-005,0.000162624,0.000147217,0.000428599,0.000593942,0.000361798,0.000126353,0.000227642,0.000169110,0.000340378
7.86391e-005,0.000199283,0.000102276,0.000337071,0.000517740,0.000225619,0.000156816,0.000154970,0.000168929,0.000298791
0.000130373,0.000231371,0.000111783,0.000236375,0.000534087,0.000240396,0.000160643,0.000114385,0.000166946,0.000225563
0.000186218,0.000243970,0.000174151,0.000172035,0.000617663,0.000406552,0.000211114,0.000148949,0.000148187,0.000193427
0.000218017,0.000315946,0.000300668,0.000227249,0.000660193,0.000526675,0.000303019,0.000260695,0.000146953,0.000207901
0.000233527,0.000479551,0.000432754,0.000382484,0.000628363,0.000441015,0.000326671,0.000404395,0.000174061,0.000181610
0.000270193,0.000627394,0.000507598,0.000542574,0.000564881,0.000326404,0.000262690,0.000525417,0.000189931,0.000146453
0.000367840,0.000638669,0.000554830,0.000659025,0.000558579,0.000421385,0.000239746,0.000605473,0.000194924,0.000249312
0.000534161,0.000555447,0.000629195,0.000753677,0.000676127,0.000672932,0.000336601,0.000644041,0.000223731,0.000484330
0.000714902,0.000490880,0.000700107,0.000866950,0.000920618,0.000928068,0.000490013,0.000618381,0.000300709,0.000720654
0.000803180,0.000490168,0.000670462,0.000987728,0.00122692,0.00112227,0.000603517,0.000539786,0.000471426,0.000883169
0.000758837,0.000669823,0.000571631,0.00104563,0.00144402,0.00119288,0.000631352,0.000507978,0.000739640,0.000956798
0.000679394,0.00112422,0.000590454,0.00103865,0.00148535,0.00115464,0.000630425,0.000568601,0.000978133,0.000996980
0.000627522,0.00149730,0.000706859,0.00107052,0.00144867,0.00111468,0.000702112,0.000635663,0.00104270,0.00107455
0.000543710,0.00127890,0.000649021,0.00115016,0.00132809,0.00102814,0.000792121,0.000713834,0.000920458,0.00114408
0.000432791,0.000655062,0.000392072,0.00112938,0.000929844,0.000769562,0.000746242,0.000889710,0.000713618,0.00113352
0.000388098,0.000293863,0.000200957,0.000954442,0.000387801,0.000435861,0.000574166,0.00101075,0.000554027,0.00103142
0.000420470,0.000350926,0.000192257,0.000756206,0.000181434,0.000230837,0.000408395,0.000858967,0.000513603,0.000824339
0.000451429,0.000458690,0.000296987,0.000619983,0.000372612,0.000203083,0.000315969,0.000588513,0.000563418,0.000623792
0.000435946,0.000431780,0.000412856,0.000522453,0.000529711,0.000314472,0.000312230,0.000552619,0.000676300,0.000688985
0.000492064,0.000405979,0.000514560,0.000507803,0.000540140,0.000529049,0.000405731,0.000906927,0.000900054,0.00100353
0.000774541,0.000591895,0.000891001,0.000679848,0.000778666,0.000732793,0.000585785,0.00150056,0.00119822,0.00117402
0.00104600,0.000994638,0.00170305,0.00104353,0.00141173,0.000795701,0.000824665,0.00195087,0.00134137,0.00103988
0.000878526,0.00125976,0.00223227,0.00148353,0.00211768,0.000766938,0.00106582,0.00208642,0.00115754,0.000921409
0.000438538,0.00127510,0.00177937,0.00183617,0.00253442,0.000832497,0.00121943,0.00214755,0.000781357,0.000979541
0.000243184,0.00151707,0.000965284,0.00193547,0.00254643,0.00100719,0.00116449,0.00207379,0.000474448,0.000919111
0.000261568,0.00192318,0.000641635,0.00163308,0.00210906,0.00101935,0.000837199,0.00146574,0.000357540,0.000664614
0.000201410,0.00164274,0.000518805,0.000973114,0.00133201,0.000703920,0.000442150,0.000688575,0.000469060,0.000614282
0.000213853,0.000805971,0.000318986,0.000471984,0.000819640,0.000376350,0.000366078,0.000541371,0.000815741,0.000872172
0.000508459,0.000566890,0.000611678,0.000690942,0.00110601,0.000430775,0.000719355,0.000791657,0.00118750,0.00101580
0.000913073,0.000930688,0.00134534,0.00127138,0.00167963,0.000727698,0.00119659,0.000699978,0.00123930,0.000857638
0.00124957,0.000876558,0.00150827,0.00129634,0.00164590,0.000877092,0.00140864,0.000427367,0.000916143,0.000655583
0.00148605,0.000407674,0.000878997,0.000744386,0.00111649,0.000833324,0.00118895,0.000459702,0.000513856,0.000527745
0.00146207,0.000284051,0.000308915,0.000377761,0.000729810,0.000731628,0.000720073,0.000602595,0.000272460,0.000358383
0.00106308,0.000480989,0.000225778,0.000355255,0.000502049,0.000569672,0.000376024,0.000512603,0.000169659,0.000194326
0.000541452,0.000547805,0.000297572,0.000266892,0.000244086,0.000370793,0.000294550,0.000292570,0.000101503,0.000192809
0.000237563,0.000553891,0.000299327,0.000116216,0.000133492,0.000246710,0.000297571,0.000168331,6.34637e-005,0.000311018
0.000183372,0.000686127,0.000294295,0.000146861,0.000226808,0.000220816,0.000253554,0.000187699,0.000116690,0.000392601
0.000219523,0.000732426,0.000255065,0.000242812,0.000308786,0.000242988,0.000197821,0.000270305,0.000242847,0.000398931
0.000252998,0.000502890,0.000135407,0.000227793,0.000309869,0.000286693,0.000186310,0.000309056,0.000325669,0.000364713
0.000260177,0.000196942,7.02146e-005,0.000210564,0.000292699,0.000341253,0.000257496,0.000268785,0.000319317,0.000309951
0.000248705,9.88581e-005,0.000155235,0.000301265,0.000268126,0.000394652,0.000398224,0.000203506,0.000326773,0.000304493
0.000270663,0.000255206,0.000288101,0.000438285,0.000244381,0.000430570,0.000545531,0.000210416,0.000444385,0.000429732
0.000340763,0.000510449,0.000373262,0.000541047,0.000244708,0.000442261,0.000718689,0.000379398,0.000614599,0.000586055
0.000383905,0.000653886,0.000404547,0.000543078,0.000278075,0.000437720,0.000936950,0.000629247,0.000680041,0.000544295
0.000346061,0.000571356,0.000374186,0.000411933,0.000312080,0.000405659,0.00100727,0.000669377,0.000563661,0.000306911
0.000266712,0.000339639,0.000304321,0.000248375,0.000270626,0.000351434,0.000745704,0.000402394,0.000385894,0.000163704
0.000205459,0.000147507,0.000236450,0.000159718,0.000165857,0.000350097,0.000388744,0.000183154,0.000358005,0.000255910
0.000197962,0.000134414,0.000187472,0.000116471,0.000116616,0.000435241,0.000418117,0.000327400,0.000541688,0.000426457
0.000272249,0.000270544,0.000239324,0.000119008,0.000149654,0.000501185,0.000899993,0.000634679,0.000796500,0.000583772
0.000415687,0.000403694,0.000480526,0.000288316,0.000187444,0.000445843,0.00127906,0.000750439,0.000981720,0.000767393
0.000569243,0.000502762,0.000846026,0.000668175,0.000233631,0.000322074,0.00107818,0.000675537,0.00110814,0.000869459
0.000703431,0.000717753,0.00124263,0.00112795,0.000365631,0.000266419,0.000621660,0.000624930,0.00126567,0.000770482
0.000832442,0.00109795,0.00166539,0.00148406,0.000578868,0.000366563,0.000598477,0.000675769,0.00144723,0.000600641
0.000935273,0.00141907,0.00197973,0.00160599,0.000766091,0.000585605,0.000991876,0.000726200,0.00146251,0.000480407
0.000907068,0.00135497,0.00185165,0.00143067,0.000811558,0.000731602,0.00109670,0.000618571,0.00112756,0.000328759
0.000657197,0.000842961,0.00117935,0.000999954,0.000685323,0.000631443,0.000640278,0.000333752,0.000582690,0.000173082
0.000341216,0.000302027,0.000432037,0.000530462,0.000510091,0.000416607,0.000185638,0.000151667,0.000211013,0.000197741
0.000334705,0.000204240,0.000193656,0.000293303,0.000452285,0.000425214,0.000262370,0.000344083,0.000196487,0.000381155
0.000760006,0.000458474,0.000456280,0.000362652,0.000509351,0.000746015,0.000686348,0.000706021,0.000426286,0.000541234
0.00127738,0.000714764,0.000804318,0.000634091,0.000655835,0.00107080,0.000961955,0.000911516,0.000779904,0.000686979
0.00152577,0.00100655,0.00110681,0.000986521,0.00110950,0.00108617,0.000937554,0.00114055,0.00117400,0.000899710
0.00145483,0.00143210,0.00144309,0.00122227,0.00193492,0.000887054,0.000812078,0.00157785,0.00137714,0.00102406
0.00119164,0.00165749,0.00160087,0.00111241,0.00257852,0.000889527,0.000741760,0.00175288,0.00114785,0.000877624
0.000907723,0.00143410,0.00132836,0.000748262,0.00246030,0.00134887,0.000720691,0.00135005,0.000633497,0.000617495
0.000745844,0.00114750,0.000922006,0.000559379,0.00176286,0.00206659,0.000799653,0.00106748,0.000334309,0.000555110
0.000693259,0.00124572,0.000944331,0.000785644,0.00109521,0.00257114,0.00113988,0.00170429,0.000478362,0.000705355
0.000636517,0.00151745,0.00138382,0.00117151,0.000759025,0.00248078,0.00167202,0.00288914,0.000709150,0.000805261
0.000537596,0.00144889,0.00160494,0.00128996,0.000683464,0.00176706,0.00191919,0.00342215,0.000643229,0.000716906
0.000435974,0.000978985,0.00121837,0.00100285,0.000679766,0.000849340,0.00151287,0.00266930,0.000393086,0.000549568
0.000363000,0.000475329,0.000574847,0.000571581,0.000594531,0.000308103,0.000752668,0.00125850,0.000247988,0.000431183
0.000347580,0.000201513,0.000217864,0.000357301,0.000436869,0.000276869,0.000253315,0.000312951,0.000213379,0.000382884
0.000415465,0.000130082,0.000203176,0.000381466,0.000324979,0.000338340,0.000178139,0.000177450,0.000163397,0.000354118
0.000536629,0.000157483,0.000232542,0.000344906,0.000297671,0.000250173,0.000227924,0.000303362,0.000142310,0.000277723
0.000651177,0.000270467,0.000199861,0.000170089,0.000355619,0.000312048,0.000221910,0.000279170,0.000248773,0.000218098
0.000726981,0.000447768,0.000237754,0.000125924,0.000544970,0.000689037,0.000258531,0.000274149,0.000407341,0.000363877
0.000724341,0.000550069,0.000339796,0.000285852,0.000780221,0.000994258,0.000360526,0.000419472,0.000469395,0.000657630
0.000598888,0.000463110,0.000325463,0.000399971,0.000830221,0.000921771,0.000360541,0.000489158,0.000426365,0.000740031
0.000400875,0.000262843,0.000196150,0.000398462,0.000659164,0.000675234,0.000223061,0.000348629,0.000351547,0.000500351
0.000247594,0.000129016,0.000197994,0.000459740,0.000469599,0.000512716,0.000143028,0.000175794,0.000266233,0.000234848
0.000183351,0.000135427,0.000443443,0.000564040,0.000339852,0.000428568,0.000201430,0.000146007,0.000208845,0.000130442
0.000180925,0.000180914,0.000716643,0.000504699,0.000206688,0.000381692,0.000246215,0.000247868,0.000246016,0.000101502
0.000211439,0.000160934,0.000767131,0.000298221,0.000150695,0.000391097,0.000196346,0.000403589,0.000317227,9.55707e-005
0.000224716,0.000122782,0.000616858,0.000145476,0.000254068,0.000420992,0.000141204,0.000540605,0.000296501,0.000119990
0.000184488,0.000152135,0.000455876,0.000105415,0.000340130,0.000431048,0.000119078,0.000571694,0.000225972,0.000141211
0.000143900,0.000230621,0.000367764,0.000120246,0.000273090,0.000433466,9.39240e-005,0.000463060,0.000242368,0.000170935
0.000161898,0.000288724,0.000313596,0.000156969,0.000228495,0.000416957,0.000123947,0.000323417,0.000322059,0.000219101
0.000202352,0.000299440,0.000299624,0.000164109,0.000329761,0.000354723,0.000280739,0.000288246,0.000337934,0.000216089
0.000200312,0.000279591,0.000349705,0.000113953,0.000411096,0.000257179,0.000441985,0.000311660,0.000285844,0.000165988
0.000161410,0.000237350,0.000377735,7.79907e-005,0.000364060,0.000153046,0.000423771,0.000264701,0.000247335,0.000159959
0.000154010,0.000178798,0.000311560,0.000102502,0.000289101,8.91579e-005,0.000261477,0.000200948,0.000226082,0.000194898
0.000204309,0.000137731,0.000232978,0.000146454,0.000244135,8.72054e-005,0.000129206,0.000268753,0.000201769,0.000228323
0.000291558,0.000133362,0.000268913,0.000232543,0.000239123,0.000116771,0.000119919,0.000495608,0.000248039,0.000339068
0.000486605,0.000224032,0.000514894,0.000475223,0.000347852,0.000238053,0.000253825,0.000873177,0.000430214,0.000604991
0.000797268,0.000511607,0.000955454,0.000848060,0.000532055,0.000533657,0.000435651,0.00135228,0.000660828,0.000880601
0.000924735,0.000855209,0.00130920,0.00109788,0.000626787,0.000803914,0.000446811,0.00165027,0.000783375,0.000929343
0.000691318,0.000951481,0.00129614,0.00104656,0.000594460,0.000764132,0.000328783,0.00147077,0.000750308,0.000786031
0.000420103,0.000842031,0.00103281,0.000791143,0.000506369,0.000513533,0.000395320,0.000941378,0.000670962,0.000681567
0.000370914,0.000764827,0.000798688,0.000518713,0.000422618,0.000346949,0.000574382,0.000540935,0.000709868,0.000637380
0.000374092,0.000691576,0.000686825,0.000382941,0.000424438,0.000301303,0.000489510,0.000563059,0.000895877,0.000533830
0.000298949,0.000524623,0.000623231,0.000468020,0.000475888,0.000256045,0.000238375,0.000761270,0.00104022,0.000397619
0.000239514,0.000315641,0.000440336,0.000599249,0.000422309,0.000202895,0.000171488,0.000758621,0.000950281,0.000283014
0.000285335,0.000189820,0.000181623,0.000486356,0.000348697,0.000192786,0.000253188,0.000741447,0.000684634,0.000200448
0.000483170,0.000346949,0.000277301,0.000222209,0.000461478,0.000257373,0.000353798,0.00112843,0.000468987,0.000223755
0.000763873,0.000730620,0.000825428,0.000213870,0.000618237,0.000425527,0.000476995,0.00168748,0.000412391,0.000345192
0.000922404,0.000919166,0.00123359,0.000561007,0.000573899,0.000631305,0.000502898,0.00178850,0.000447582,0.000490719
0.000864080,0.000883530,0.00119837,0.000924580,0.000469174,0.000723366,0.000425650,0.00133738,0.000518603,0.000750608
0.000646456,0.00101798,0.00114163,0.00107233,0.000604947,0.000668243,0.000478295,0.000887650,0.000644969,0.00112672
0.000381275,0.00122943,0.00127719,0.00116988,0.000981245,0.000539767,0.000621366,0.000896374,0.000773634,0.00129662
0.000252722,0.00111220,0.00124474,0.00132092,0.00124974,0.000383815,0.000565967,0.00106473,0.000759445,0.00106383
0.000307547,0.000736883,0.000861004,0.00123912,0.00107464,0.000290805,0.000315751,0.000799665,0.000572060,0.000649994
0.000337929,0.000433364,0.000432983,0.000783278,0.000574015,0.000342525,0.000151215,0.000274400,0.000386501,0.000343672
0.000258163,0.000325996,0.000234475,0.000324923,0.000192524,0.000420102,0.000248837,0.000120733,0.000374518,0.000220258
0.000221896,0.000365306,0.000193354,0.000165345,0.000110369,0.000380410,0.000491239,0.000339709,0.000478744,0.000207601
0.000276680,0.000395839,0.000166701,0.000163669,0.000165200,0.000304140,0.000576822,0.000531635,0.000505328,0.000215273
0.000330379,0.000286627,0.000162035,0.000183105,0.000242816,0.000328635,0.000406093,0.000574083,0.000391987,0.000220332
0.000361259,0.000120707,0.000187487,0.000300343,0.000338925,0.000434411,0.000197247,0.000482580,0.000240676,0.000240816
0.000373177,7.46155e-005,0.000165704,0.000485939,0.000406929,0.000513226,0.000118566,0.000329377,0.000145255,0.000245659
0.000324254,0.000187616,9.48507e-005,0.000551239,0.000401191,0.000505965,0.000131449,0.000281864,0.000131485,0.000198791
0.000225842,0.000359499,8.72338e-005,0.000439557,0.000349241,0.000428977,0.000170902,0.000313288,0.000191481,0.000176677
0.000158175,0.000456864,0.000199784,0.000294333,0.000299085,0.000316004,0.000200147,0.000274230,0.000292113,0.000317461
0.000152557,0.000405047,0.000374399,0.000222190,0.000262069,0.000191901,0.000190525,0.000218083,0.000406680,0.000606642
0.000158709,0.000277589,0.000541752,0.000178103,0.000244132,9.86935e-005,0.000160364,0.000262797,0.000529922,0.000811966
0.000139227,0.000230170,0.000650865,0.000126041,0.000295451,6.98975e-005,0.000159292,0.000371462,0.000644404,0.000749598
0.000108787,0.000282053,0.000623650,0.000115056,0.000445315,8.58612e-005,0.000215603,0.000445987,0.000720793,0.000522115
8.30671e-005,0.000316209,0.000429318,0.000156640,0.000613784,0.000108555,0.000340096,0.000454175,0.000735946,0.000353388
9.03535e-005,0.000296390,0.000193288,0.000234495,0.000701682,0.000134607,0.000568639,0.000439755,0.000688110,0.000348672
0.000172672,0.000286772,0.000114890,0.000392399,0.000715676,0.000175672,0.000854712,0.000468908,0.000610104,0.000534116
0.000270869,0.000308387,0.000256548,0.000595999,0.000673440,0.000203711,0.000930216,0.000578773,0.000515591,0.000845146
0.000265026,0.000319668,0.000442573,0.000649675,0.000512364,0.000173034,0.000638458,0.000725375,0.000385982,0.00100944
0.000194280,0.000291862,0.000444329,0.000466341,0.000274513,0.000116426,0.000303419,0.000750688,0.000292121,0.000833713
0.000205667,0.000259230,0.000298856,0.000231984,0.000156159,0.000153262,0.000260280,0.000551381,0.000395349,0.000553581
0.000299926,0.000304461,0.000233176,0.000129301,0.000178206,0.000346564,0.000339464,0.000277197,0.000708620,0.000465145
0.000358906,0.000469896,0.000290723,0.000116238,0.000159155,0.000589040,0.000285990,0.000142179,0.000959403,0.000463395
0.000335432,0.000665199,0.000411780,0.000131321,0.000112407,0.000706647,0.000170216,0.000135263,0.000859505,0.000388385
0.000260873,0.000727831,0.000655769,0.000267461,0.000200048,0.000645640,0.000105488,0.000130233,0.000521136,0.000392725
0.000180266,0.000624655,0.000883144,0.000525151,0.000351652,0.000468174,8.85943e-005,0.000105352,0.000349059,0.000560306
0.000148518,0.000470340,0.000751835,0.000655578,0.000389374,0.000270366,0.000143219,9.73995e-005,0.000447537,0.000657886
0.000206972,0.000372186,0.000390171,0.000538806,0.000327402,0.000203752,0.000273116,0.000134281,0.000520645,0.000534919
0.000350931,0.000432244,0.000316022,0.000412617,0.000246662,0.000368313,0.000423938,0.000272503,0.000399472,0.000322409
0.000547388,0.000668645,0.000585756,0.000429638,0.000157769,0.000610917,0.000575677,0.000499711,0.000223484,0.000168530
0.000742574,0.000829477,0.000785576,0.000405649,0.000101778,0.000660872,0.000684932,0.000639709,0.000146311,0.000123557
0.000843566,0.000689894,0.000730932,0.000259369,0.000129433,0.000478066,0.000648251,0.000568868,0.000179732,0.000196779
0.000780100,0.000405508,0.000602521,0.000198609,0.000194087,0.000299434,0.000464790,0.000427178,0.000231125,0.000315395
0.000594899,0.000209185,0.000568741,0.000305123,0.000219335,0.000344493,0.000293368,0.000399857,0.000240100,0.000363194
0.000390934,0.000118603,0.000591915,0.000394886,0.000196872,0.000551679,0.000274279,0.000420535,0.000296671,0.000315913
0.000253773,8.54322e-005,0.000552878,0.000335199,0.000161537,0.000661666,0.000362870,0.000334460,0.000425843,0.000228281
0.000294453,8.40675e-005,0.000443406,0.000200320,0.000156231,0.000548712,0.000387657,0.000228080,0.000440674,0.000154075
0.000577229,0.000116136,0.000367950,0.000143341,0.000198899,0.000337813,0.000275938,0.000284792,0.000328124,0.000150683
0.000929971,0.000209112,0.000368735,0.000203151,0.000221460,0.000186365,0.000140357,0.000425704,0.000378667,0.000250428
0.00106890,0.000309101,0.000351464,0.000242505,0.000153197,0.000122613,9.53434e-005,0.000453178,0.000648957,0.000382087
0.000943100,0.000341264,0.000248522,0.000169822,7.80130e-005,0.000125161,0.000108072,0.000414186,0.000806649,0.000414434
0.000740766,0.000348273,0.000159389,9.36909e-005,0.000108701,0.000200706,0.000111034,0.000474158,0.000668181,0.000306776
0.000591894,0.000381413,0.000197380,9.80620e-005,0.000181421,0.000323488,0.000137954,0.000596677,0.000412711,0.000158574
0.000457892,0.000413057,0.000297233,0.000133769,0.000209634,0.000411568,0.000232406,0.000608893,0.000233367,8.99266e-005
0.000302780,0.000410493,0.000318827,0.000205747,0.000239465,0.000419394,0.000322059,0.000454284,0.000148813,0.000116551
0.000202163,0.000357025,0.000240214,0.000322517,0.000281794,0.000364529,0.000323178,0.000247306,0.000132007,0.000171103
0.000220093,0.000257993,0.000152882,0.000365051,0.000282943,0.000268055,0.000276891,0.000127430,0.000172068,0.000205518
0.000317508,0.000159899,0.000130101,0.000291134,0.000261011,0.000166665,0.000248411,0.000141704,0.000219401,0.000228625
0.000426854,0.000106309,0.000159572,0.000213893,0.000215287,0.000112855,0.000218452,0.000287158,0.000216182,0.000268419
0.000483896,0.000102569,0.000214952,0.000173541,0.000124468,9.97024e-005,0.000173383,0.000500303,0.000181963,0.000322613
0.000435354,0.000132504,0.000305261,0.000129185,0.000124625,9.79703e-005,0.000144092,0.000581578,0.000167120,0.000337929
0.000330563,0.000181500,0.000405443,0.000108410,0.000312382,0.000137978,0.000123564,0.000420166,0.000148973,0.000266541
0.000284942,0.000230251,0.000481836,0.000138753,0.000488381,0.000226739,9.15598e-005,0.000230055,0.000102297,0.000150282
0.000308756,0.000242685,0.000567263,0.000160037,0.000469501,0.000281284,7.69850e-005,0.000244828,0.000103045,7.55226e-005
0.000313267,0.000205179,0.000647681,0.000120967,0.000381024,0.000240881,0.000103076,0.000379727,0.000191958,5.71147e-005
0.000263937,0.000146517,0.000632449,6.56004e-005,0.000376474,0.000149048,0.000152983,0.000427027,0.000253547,5.74294e-005
0.000216338,9.28747e-005,0.000540896,7.15194e-005,0.000417911,8.72239e-005,0.000210427,0.000336834,0.000217813,6.45245e-005
0.000236841,6.44130e-005,0.000460375,0.000144204,0.000476712,8.95548e-005,0.000253245,0.000224459,0.000199790,8.34896e-005
0.000321289,9.69647e-005,0.000356585,0.000219387,0.000576392,0.000137150,0.000253765,0.000223733,0.000264029,0.000124506
0.000367833,0.000210730,0.000197888,0.000269293,0.000588451,0.000206519,0.000246786,0.000291537,0.000301972,0.000197188
0.000292846,0.000373740,0.000103746,0.000343417,0.000392712,0.000277961,0.000295095,0.000271111,0.000268495,0.000275559
0.000176156,0.000506767,0.000169244,0.000479530,0.000211923,0.000306762,0.000366630,0.000201242,0.000246682,0.000340488
0.000148603,0.000546867,0.000331449,0.000645876,0.000352446,0.000271874,0.000386569,0.000238977,0.000250016,0.000420369
0.000189337,0.000501579,0.000480192,0.000789598,0.000701831,0.000234338,0.000364522,0.000324159,0.000247540,0.000501150
0.000212440,0.000405471,0.000547182,0.000861459,0.000871737,0.000253520,0.000331730,0.000316473,0.000300178,0.000508574
0.000214049,0.000290254,0.000503078,0.000808563,0.000703168,0.000300873,0.000275550,0.000281289,0.000442928,0.000425399
0.000203609,0.000205274,0.000375730,0.000638431,0.000374181,0.000319642,0.000217545,0.000316207,0.000570743,0.000302124
0.000181354,0.000168505,0.000255368,0.000455088,0.000144986,0.000286693,0.000203785,0.000357517,0.000567803,0.000190836
0.000177029,0.000144140,0.000219765,0.000351627,0.000110653,0.000214588,0.000220988,0.000341664,0.000440263,0.000144166
0.000174330,0.000118911,0.000248832,0.000310480,0.000162409,0.000154030,0.000225296,0.000304782,0.000284420,0.000182967
0.000152797,0.000115872,0.000259509,0.000261959,0.000181941,0.000142028,0.000201376,0.000260398,0.000172101,0.000260648
0.000181775,0.000143083,0.000230179,0.000192358,0.000177786,0.000158658,0.000174318,0.000179381,0.000105995,0.000323833
0.000264331,0.000181827,0.000220144,0.000140621,0.000186299,0.000177704,0.000180211,0.000100557,9.04499e-005,0.000338749
0.000277407,0.000191830,0.000252581,0.000119652,0.000194724,0.000180152,0.000195821,0.000106754,0.000142097,0.000274411
0.000202128,0.000150540,0.000260030,0.000102936,0.000200439,0.000148300,0.000173673,0.000185529,0.000211102,0.000160897
0.000165734,0.000112636,0.000190117,8.37150e-005,0.000227562,0.000120860,0.000154367,0.000239568,0.000224677,9.19760e-005
0.000249430,0.000154088,0.000108223,9.68831e-005,0.000272442,0.000147383,0.000197503,0.000239584,0.000196350,0.000110954
0.000437960,0.000260904,0.000114194,0.000174149,0.000292841,0.000193074,0.000257483,0.000268751,0.000192568,0.000178663
0.000682288,0.000360965,0.000188049,0.000298301,0.000276282,0.000204718,0.000274125,0.000406820,0.000245249,0.000241820
0.000918047,0.000418290,0.000222274,0.000415300,0.000281721,0.000190356,0.000282364,0.000607283,0.000342021,0.000264739
0.00106686,0.000422100,0.000182088,0.000505417,0.000369199,0.000172976,0.000329657,0.000708640,0.000442067,0.000240938
0.00105651,0.000368291,0.000145565,0.000615972,0.000546977,0.000160271,0.000385591,0.000607722,0.000492533,0.000204209
0.000878786,0.000297446,0.000210927,0.000784716,0.000775305,0.000168921,0.000395271,0.000401342,0.000460029,0.000191212
0.000623193,0.000266834,0.000384899,0.000965578,0.000922893,0.000204702,0.000353200,0.000274526,0.000355008,0.000202710
0.000409819,0.000289662,0.000529272,0.00104956,0.000844891,0.000222202,0.000290275,0.000270221,0.000236147,0.000219426
0.000304437,0.000345687,0.000486375,0.000935260,0.000588142,0.000179925,0.000235945,0.000270727,0.000172840,0.000231481
0.000289693,0.000389823,0.000320307,0.000638472,0.000335907,0.000127361,0.000205764,0.000196537,0.000180025,0.000239712
0.000280740,0.000360335,0.000299912,0.000339980,0.000185393,0.000131530,0.000200302,0.000103021,0.000210430,0.000245929
0.000212632,0.000257853,0.000537293,0.000206033,0.000131589,0.000155887,0.000211703,6.27572e-005,0.000218338,0.000260261
0.000124950,0.000157713,0.000797963,0.000203577,0.000127254,0.000139946,0.000211334,7.59607e-005,0.000207218,0.000300943
9.92986e-005,0.000102185,0.000798287,0.000216518,0.000106842,0.000114976,0.000160777,0.000114938,0.000204968,0.000364719
0.000142504,7.15465e-005,0.000549324,0.000225430,6.76590e-005,0.000124513,8.77831e-005,0.000144074,0.000211187,0.000421504
0.000188388,5.44286e-005,0.000284839,0.000247957,6.73384e-005,0.000145321,6.24593e-005,0.000119645,0.000205863,0.000443708
0.000186884,5.38351e-005,0.000168998,0.000237623,0.000125236,0.000160233,7.52636e-005,6.67285e-005,0.000203687,0.000415293
0.000192125,6.92141e-005,0.000184834,0.000164452,0.000200784,0.000191736,7.33468e-005,8.95719e-005,0.000242057,0.000337231
0.000340965,0.000171721,0.000235792,0.000100804,0.000222384,0.000244427,6.78549e-005,0.000242885,0.000312461,0.000252069
0.000640310,0.000532453,0.000278556,0.000132615,0.000169050,0.000295712,0.000103520,0.000490605,0.000354099,0.000242928
0.000850927,0.00120866,0.000369656,0.000286816,0.000169339,0.000322106,0.000221445,0.000807073,0.000324001,0.000379572
